STATION,DATE,TMAX,TMIN
GHCND:USW00012839,8/18/93,94,77
GHCND:USW00012839,8/19/93,94,79
GHCND:USW00012839,8/20/93,95,78
GHCND:USW00012839,8/21/93,97,80
GHCND:USW00012839,8/22/93,96,78
GHCND:USW00012839,8/23/93,94,77
GHCND:USW00012839,8/24/93,93,76
GHCND:USW00012839,8/25/93,87,74
GHCND:USW00012839,8/26/93,89,75
GHCND:USW00012839,8/27/93,91,75
GHCND:USW00012839,8/28/93,92,77
GHCND:USW00012839,8/29/93,87,77
GHCND:USW00012839,8/30/93,87,76
GHCND:USW00012839,8/31/93,91,75
GHCND:USW00012839,9/1/93,90,74
GHCND:USW00012839,9/2/93,87,74
GHCND:USW00012839,9/3/93,90,75
GHCND:USW00012839,9/4/93,91,79
GHCND:USW00012839,9/5/93,91,80
GHCND:USW00012839,9/6/93,92,76
GHCND:USW00012839,9/7/93,90,77
GHCND:USW00012839,9/8/93,89,78
GHCND:USW00012839,9/9/93,90,77
GHCND:USW00012839,9/10/93,93,76
GHCND:USW00012839,9/11/93,93,76
GHCND:USW00012839,9/12/93,89,76
GHCND:USW00012839,9/13/93,89,74
GHCND:USW00012839,9/14/93,84,75
GHCND:USW00012839,9/15/93,87,77
GHCND:USW00012839,9/16/93,89,76
GHCND:USW00012839,9/17/93,89,77
GHCND:USW00012839,9/18/93,90,80
GHCND:USW00012839,9/19/93,89,78
GHCND:USW00012839,9/20/93,88,79
GHCND:USW00012839,9/21/93,91,78
GHCND:USW00012839,9/22/93,89,78
GHCND:USW00012839,9/23/93,89,78
GHCND:USW00012839,9/24/93,91,76
GHCND:USW00012839,9/25/93,89,77
GHCND:USW00012839,9/26/93,91,77
GHCND:USW00012839,9/27/93,89,77
GHCND:USW00012839,9/28/93,87,76
GHCND:USW00012839,9/29/93,87,75
GHCND:USW00012839,9/30/93,86,75
GHCND:USW00012839,10/1/93,87,71
GHCND:USW00012839,10/2/93,88,77
GHCND:USW00012839,10/3/93,87,74
GHCND:USW00012839,10/4/93,85,74
GHCND:USW00012839,10/5/93,85,75
GHCND:USW00012839,10/6/93,88,74
GHCND:USW00012839,10/7/93,90,74
GHCND:USW00012839,10/8/93,90,74
GHCND:USW00012839,10/9/93,90,74
GHCND:USW00012839,10/10/93,90,73
GHCND:USW00012839,10/11/93,89,76
GHCND:USW00012839,10/12/93,87,74
GHCND:USW00012839,10/13/93,89,72
GHCND:USW00012839,10/14/93,86,73
GHCND:USW00012839,10/15/93,88,77
GHCND:USW00012839,10/16/93,82,71
GHCND:USW00012839,10/17/93,89,73
GHCND:USW00012839,10/18/93,90,74
GHCND:USW00012839,10/19/93,87,77
GHCND:USW00012839,10/20/93,87,78
GHCND:USW00012839,10/21/93,88,78
GHCND:USW00012839,10/22/93,86,77
GHCND:USW00012839,10/23/93,87,76
GHCND:USW00012839,10/24/93,86,74
GHCND:USW00012839,10/25/93,88,73
GHCND:USW00012839,10/26/93,88,74
GHCND:USW00012839,10/27/93,86,73
GHCND:USW00012839,10/28/93,88,73
GHCND:USW00012839,10/29/93,88,72
GHCND:USW00012839,10/30/93,90,80
GHCND:USW00012839,10/31/93,83,61
GHCND:USW00012839,11/1/93,69,52
GHCND:USW00012839,11/2/93,78,54
GHCND:USW00012839,11/3/93,83,70
GHCND:USW00012839,11/4/93,84,66
GHCND:USW00012839,11/5/93,86,70
GHCND:USW00012839,11/6/93,87,69
GHCND:USW00012839,11/7/93,84,71
GHCND:USW00012839,11/8/93,83,70
GHCND:USW00012839,11/9/93,85,75
GHCND:USW00012839,11/10/93,87,72
GHCND:USW00012839,11/11/93,83,69
GHCND:USW00012839,11/12/93,83,74
GHCND:USW00012839,11/13/93,86,76
GHCND:USW00012839,11/14/93,85,77
GHCND:USW00012839,11/15/93,86,76
GHCND:USW00012839,11/16/93,84,75
GHCND:USW00012839,11/17/93,85,75
GHCND:USW00012839,11/18/93,86,75
GHCND:USW00012839,11/19/93,87,72
GHCND:USW00012839,11/20/93,85,70
GHCND:USW00012839,11/21/93,83,68
GHCND:USW00012839,11/22/93,83,71
GHCND:USW00012839,11/23/93,86,70
GHCND:USW00012839,11/24/93,73,67
GHCND:USW00012839,11/25/93,82,68
GHCND:USW00012839,11/26/93,85,70
GHCND:USW00012839,11/27/93,85,70
GHCND:USW00012839,11/28/93,74,63
GHCND:USW00012839,11/29/93,76,57
GHCND:USW00012839,11/30/93,79,59
GHCND:USW00012839,12/1/93,81,71
GHCND:USW00012839,12/2/93,80,72
GHCND:USW00012839,12/3/93,82,67
GHCND:USW00012839,12/4/93,84,66
GHCND:USW00012839,12/5/93,83,67
GHCND:USW00012839,12/6/93,78,57
GHCND:USW00012839,12/7/93,80,63
GHCND:USW00012839,12/8/93,81,64
GHCND:USW00012839,12/9/93,79,63
GHCND:USW00012839,12/10/93,82,64
GHCND:USW00012839,12/11/93,78,58
GHCND:USW00012839,12/12/93,68,47
GHCND:USW00012839,12/13/93,75,52
GHCND:USW00012839,12/14/93,81,62
GHCND:USW00012839,12/15/93,75,60
GHCND:USW00012839,12/16/93,67,51
GHCND:USW00012839,12/17/93,76,51
GHCND:USW00012839,12/18/93,80,60
GHCND:USW00012839,12/19/93,80,63
GHCND:USW00012839,12/20/93,80,65
GHCND:USW00012839,12/21/93,83,61
GHCND:USW00012839,12/22/93,78,53
GHCND:USW00012839,12/23/93,84,59
GHCND:USW00012839,12/24/93,78,56
GHCND:USW00012839,12/25/93,65,52
GHCND:USW00012839,12/26/93,66,48
GHCND:USW00012839,12/27/93,74,52
GHCND:USW00012839,12/28/93,77,62
GHCND:USW00012839,12/29/93,83,67
GHCND:USW00012839,12/30/93,80,64
GHCND:USW00012839,12/31/93,78,58
GHCND:USW00012839,1/1/94,81,71
GHCND:USW00012839,1/2/94,82,73
GHCND:USW00012839,1/3/94,73,67
GHCND:USW00012839,1/4/94,72,58
GHCND:USW00012839,1/5/94,64,51
GHCND:USW00012839,1/6/94,74,50
GHCND:USW00012839,1/7/94,80,66
GHCND:USW00012839,1/8/94,78,63
GHCND:USW00012839,1/9/94,65,56
GHCND:USW00012839,1/10/94,76,64
GHCND:USW00012839,1/11/94,74,68
GHCND:USW00012839,1/12/94,83,70
GHCND:USW00012839,1/13/94,82,62
GHCND:USW00012839,1/14/94,66,52
GHCND:USW00012839,1/15/94,71,51
GHCND:USW00012839,1/16/94,73,54
GHCND:USW00012839,1/17/94,77,67
GHCND:USW00012839,1/18/94,77,60
GHCND:USW00012839,1/19/94,71,57
GHCND:USW00012839,1/20/94,75,65
GHCND:USW00012839,1/21/94,75,60
GHCND:USW00012839,1/22/94,74,57
GHCND:USW00012839,1/23/94,74,58
GHCND:USW00012839,1/24/94,77,61
GHCND:USW00012839,1/25/94,79,63
GHCND:USW00012839,1/26/94,78,63
GHCND:USW00012839,1/27/94,79,72
GHCND:USW00012839,1/28/94,81,74
GHCND:USW00012839,1/29/94,83,72
GHCND:USW00012839,1/30/94,85,73
GHCND:USW00012839,1/31/94,76,65
GHCND:USW00012839,2/1/94,67,57
GHCND:USW00012839,2/2/94,60,52
GHCND:USW00012839,2/3/94,70,54
GHCND:USW00012839,2/4/94,78,68
GHCND:USW00012839,2/5/94,80,65
GHCND:USW00012839,2/6/94,81,64
GHCND:USW00012839,2/7/94,82,66
GHCND:USW00012839,2/8/94,81,68
GHCND:USW00012839,2/9/94,83,73
GHCND:USW00012839,2/10/94,83,73
GHCND:USW00012839,2/11/94,84,75
GHCND:USW00012839,2/12/94,86,71
GHCND:USW00012839,2/13/94,84,68
GHCND:USW00012839,2/14/94,76,67
GHCND:USW00012839,2/15/94,78,68
GHCND:USW00012839,2/16/94,78,67
GHCND:USW00012839,2/17/94,72,65
GHCND:USW00012839,2/18/94,75,67
GHCND:USW00012839,2/19/94,79,70
GHCND:USW00012839,2/20/94,82,69
GHCND:USW00012839,2/21/94,83,68
GHCND:USW00012839,2/22/94,81,69
GHCND:USW00012839,2/23/94,83,72
GHCND:USW00012839,2/24/94,87,75
GHCND:USW00012839,2/25/94,89,71
GHCND:USW00012839,2/26/94,86,70
GHCND:USW00012839,2/27/94,77,67
GHCND:USW00012839,2/28/94,74,64
GHCND:USW00012839,3/1/94,77,71
GHCND:USW00012839,3/2/94,79,68
GHCND:USW00012839,3/3/94,71,58
GHCND:USW00012839,3/4/94,74,53
GHCND:USW00012839,3/5/94,76,57
GHCND:USW00012839,3/6/94,80,56
GHCND:USW00012839,3/7/94,81,67
GHCND:USW00012839,3/8/94,81,66
GHCND:USW00012839,3/9/94,81,70
GHCND:USW00012839,3/10/94,84,70
GHCND:USW00012839,3/11/94,72,58
GHCND:USW00012839,3/12/94,79,57
GHCND:USW00012839,3/13/94,80,67
GHCND:USW00012839,3/14/94,79,63
GHCND:USW00012839,3/15/94,77,55
GHCND:USW00012839,3/16/94,81,59
GHCND:USW00012839,3/17/94,80,62
GHCND:USW00012839,3/18/94,82,57
GHCND:USW00012839,3/19/94,88,67
GHCND:USW00012839,3/20/94,89,71
GHCND:USW00012839,3/21/94,91,70
GHCND:USW00012839,3/22/94,90,71
GHCND:USW00012839,3/23/94,87,71
GHCND:USW00012839,3/24/94,85,74
GHCND:USW00012839,3/25/94,88,75
GHCND:USW00012839,3/26/94,87,72
GHCND:USW00012839,3/27/94,87,76
GHCND:USW00012839,3/28/94,87,79
GHCND:USW00012839,3/29/94,88,70
GHCND:USW00012839,3/30/94,78,67
GHCND:USW00012839,3/31/94,83,69
GHCND:USW00012839,4/1/94,80,63
GHCND:USW00012839,4/2/94,83,66
GHCND:USW00012839,4/3/94,84,69
GHCND:USW00012839,4/4/94,85,65
GHCND:USW00012839,4/5/94,83,68
GHCND:USW00012839,4/6/94,85,73
GHCND:USW00012839,4/7/94,87,71
GHCND:USW00012839,4/8/94,85,73
GHCND:USW00012839,4/9/94,80,75
GHCND:USW00012839,4/10/94,83,74
GHCND:USW00012839,4/11/94,83,74
GHCND:USW00012839,4/12/94,85,75
GHCND:USW00012839,4/13/94,85,75
GHCND:USW00012839,4/14/94,86,75
GHCND:USW00012839,4/15/94,86,75
GHCND:USW00012839,4/16/94,85,76
GHCND:USW00012839,4/17/94,87,73
GHCND:USW00012839,4/18/94,87,73
GHCND:USW00012839,4/19/94,86,74
GHCND:USW00012839,4/20/94,85,69
GHCND:USW00012839,4/21/94,85,75
GHCND:USW00012839,4/22/94,86,72
GHCND:USW00012839,4/23/94,81,71
GHCND:USW00012839,4/24/94,85,69
GHCND:USW00012839,4/25/94,88,69
GHCND:USW00012839,4/26/94,85,70
GHCND:USW00012839,4/27/94,81,72
GHCND:USW00012839,4/28/94,83,74
GHCND:USW00012839,4/29/94,84,75
GHCND:USW00012839,4/30/94,85,74
GHCND:USW00012839,5/1/94,85,76
GHCND:USW00012839,5/2/94,88,76
GHCND:USW00012839,5/3/94,88,76
GHCND:USW00012839,5/4/94,89,77
GHCND:USW00012839,5/5/94,87,74
GHCND:USW00012839,5/6/94,83,73
GHCND:USW00012839,5/7/94,85,74
GHCND:USW00012839,5/8/94,91,70
GHCND:USW00012839,5/9/94,91,73
GHCND:USW00012839,5/10/94,92,76
GHCND:USW00012839,5/11/94,90,77
GHCND:USW00012839,5/12/94,92,76
GHCND:USW00012839,5/13/94,90,75
GHCND:USW00012839,5/14/94,88,79
GHCND:USW00012839,5/15/94,89,78
GHCND:USW00012839,5/16/94,89,79
GHCND:USW00012839,5/17/94,92,77
GHCND:USW00012839,5/18/94,93,75
GHCND:USW00012839,5/19/94,86,72
GHCND:USW00012839,5/20/94,86,70
GHCND:USW00012839,5/21/94,86,66
GHCND:USW00012839,5/22/94,84,66
GHCND:USW00012839,5/23/94,85,68
GHCND:USW00012839,5/24/94,85,71
GHCND:USW00012839,5/25/94,85,74
GHCND:USW00012839,5/26/94,87,74
GHCND:USW00012839,5/27/94,93,75
GHCND:USW00012839,5/28/94,92,74
GHCND:USW00012839,5/29/94,88,72
GHCND:USW00012839,5/30/94,85,71
GHCND:USW00012839,5/31/94,88,77
GHCND:USW00012839,6/1/94,85,80
GHCND:USW00012839,6/2/94,85,78
GHCND:USW00012839,6/3/94,86,75
GHCND:USW00012839,6/4/94,86,74
GHCND:USW00012839,6/5/94,89,72
GHCND:USW00012839,6/6/94,87,77
GHCND:USW00012839,6/7/94,91,79
GHCND:USW00012839,6/8/94,93,80
GHCND:USW00012839,6/9/94,89,76
GHCND:USW00012839,6/10/94,96,72
GHCND:USW00012839,6/11/94,93,74
GHCND:USW00012839,6/12/94,91,78
GHCND:USW00012839,6/13/94,91,80
GHCND:USW00012839,6/14/94,90,81
GHCND:USW00012839,6/15/94,89,78
GHCND:USW00012839,6/16/94,89,78
GHCND:USW00012839,6/17/94,90,79
GHCND:USW00012839,6/18/94,91,74
GHCND:USW00012839,6/19/94,93,75
GHCND:USW00012839,6/20/94,93,75
GHCND:USW00012839,6/21/94,94,77
GHCND:USW00012839,6/22/94,92,75
GHCND:USW00012839,6/23/94,91,74
GHCND:USW00012839,6/24/94,92,80
GHCND:USW00012839,6/25/94,91,79
GHCND:USW00012839,6/26/94,91,81
GHCND:USW00012839,6/27/94,90,76
GHCND:USW00012839,6/28/94,89,80
GHCND:USW00012839,6/29/94,87,75
GHCND:USW00012839,6/30/94,89,79
GHCND:USW00012839,7/1/94,88,78
GHCND:USW00012839,7/2/94,91,76
GHCND:USW00012839,7/3/94,87,75
GHCND:USW00012839,7/4/94,88,77
GHCND:USW00012839,7/5/94,89,79
GHCND:USW00012839,7/6/94,88,80
GHCND:USW00012839,7/7/94,89,76
GHCND:USW00012839,7/8/94,89,82
GHCND:USW00012839,7/9/94,89,78
GHCND:USW00012839,7/10/94,90,79
GHCND:USW00012839,7/11/94,90,81
GHCND:USW00012839,7/12/94,91,76
GHCND:USW00012839,7/13/94,91,80
GHCND:USW00012839,7/14/94,92,79
GHCND:USW00012839,7/15/94,92,81
GHCND:USW00012839,7/16/94,91,79
GHCND:USW00012839,7/17/94,91,80
GHCND:USW00012839,7/18/94,92,80
GHCND:USW00012839,7/19/94,92,78
GHCND:USW00012839,7/20/94,89,75
GHCND:USW00012839,7/21/94,88,74
GHCND:USW00012839,7/22/94,87,73
GHCND:USW00012839,7/23/94,90,76
GHCND:USW00012839,7/24/94,91,72
GHCND:USW00012839,7/25/94,89,76
GHCND:USW00012839,7/26/94,91,76
GHCND:USW00012839,7/27/94,91,82
GHCND:USW00012839,7/28/94,91,76
GHCND:USW00012839,7/29/94,87,74
GHCND:USW00012839,7/30/94,90,77
GHCND:USW00012839,7/31/94,90,79
GHCND:USW00012839,8/1/94,89,82
GHCND:USW00012839,8/2/94,90,78
GHCND:USW00012839,8/3/94,88,75
GHCND:USW00012839,8/4/94,88,76
GHCND:USW00012839,8/5/94,89,73
GHCND:USW00012839,8/6/94,92,75
GHCND:USW00012839,8/7/94,90,76
GHCND:USW00012839,8/8/94,93,79
GHCND:USW00012839,8/9/94,89,77
GHCND:USW00012839,8/10/94,88,76
GHCND:USW00012839,8/11/94,88,74
GHCND:USW00012839,8/12/94,80,72
GHCND:USW00012839,8/13/94,87,75
GHCND:USW00012839,8/14/94,89,72
GHCND:USW00012839,8/15/94,89,80
GHCND:USW00012839,8/16/94,90,80
GHCND:USW00012839,8/17/94,90,79
GHCND:USW00012839,8/18/94,91,81
GHCND:USW00012839,8/19/94,90,81
GHCND:USW00012839,8/20/94,90,81
GHCND:USW00012839,8/21/94,90,80
GHCND:USW00012839,8/22/94,91,78
GHCND:USW00012839,8/23/94,93,74
GHCND:USW00012839,8/24/94,90,76
GHCND:USW00012839,8/25/94,86,74
GHCND:USW00012839,8/26/94,90,77
GHCND:USW00012839,8/27/94,89,76
GHCND:USW00012839,8/28/94,81,71
GHCND:USW00012839,8/29/94,89,73
GHCND:USW00012839,8/30/94,89,76
GHCND:USW00012839,8/31/94,90,76
GHCND:USW00012839,9/1/94,92,79
GHCND:USW00012839,9/2/94,90,79
GHCND:USW00012839,9/3/94,91,79
GHCND:USW00012839,9/4/94,94,74
GHCND:USW00012839,9/5/94,91,77
GHCND:USW00012839,9/6/94,89,75
GHCND:USW00012839,9/7/94,90,77
GHCND:USW00012839,9/8/94,89,79
GHCND:USW00012839,9/9/94,89,80
GHCND:USW00012839,9/10/94,83,73
GHCND:USW00012839,9/11/94,90,73
GHCND:USW00012839,9/12/94,84,79
GHCND:USW00012839,9/13/94,82,72
GHCND:USW00012839,9/14/94,85,75
GHCND:USW00012839,9/15/94,87,73
GHCND:USW00012839,9/16/94,89,80
GHCND:USW00012839,9/17/94,89,80
GHCND:USW00012839,9/18/94,90,80
GHCND:USW00012839,9/19/94,89,73
GHCND:USW00012839,9/20/94,87,74
GHCND:USW00012839,9/21/94,87,74
GHCND:USW00012839,9/22/94,87,77
GHCND:USW00012839,9/23/94,89,75
GHCND:USW00012839,9/24/94,88,79
GHCND:USW00012839,9/25/94,86,76
GHCND:USW00012839,9/26/94,88,75
GHCND:USW00012839,9/27/94,85,77
GHCND:USW00012839,9/28/94,82,73
GHCND:USW00012839,9/29/94,81,74
GHCND:USW00012839,9/30/94,81,75
GHCND:USW00012839,10/1/94,86,72
GHCND:USW00012839,10/2/94,89,75
GHCND:USW00012839,10/3/94,90,78
GHCND:USW00012839,10/4/94,87,77
GHCND:USW00012839,10/5/94,88,75
GHCND:USW00012839,10/6/94,89,75
GHCND:USW00012839,10/7/94,89,75
GHCND:USW00012839,10/8/94,87,76
GHCND:USW00012839,10/9/94,90,75
GHCND:USW00012839,10/10/94,88,74
GHCND:USW00012839,10/11/94,88,75
GHCND:USW00012839,10/12/94,87,75
GHCND:USW00012839,10/13/94,89,73
GHCND:USW00012839,10/14/94,90,73
GHCND:USW00012839,10/15/94,85,72
GHCND:USW00012839,10/16/94,84,71
GHCND:USW00012839,10/17/94,83,74
GHCND:USW00012839,10/18/94,84,75
GHCND:USW00012839,10/19/94,84,73
GHCND:USW00012839,10/20/94,85,71
GHCND:USW00012839,10/21/94,86,73
GHCND:USW00012839,10/22/94,86,71
GHCND:USW00012839,10/23/94,89,73
GHCND:USW00012839,10/24/94,87,72
GHCND:USW00012839,10/25/94,87,73
GHCND:USW00012839,10/26/94,87,71
GHCND:USW00012839,10/27/94,84,72
GHCND:USW00012839,10/28/94,86,70
GHCND:USW00012839,10/29/94,87,76
GHCND:USW00012839,10/30/94,87,79
GHCND:USW00012839,10/31/94,82,70
GHCND:USW00012839,11/1/94,87,74
GHCND:USW00012839,11/2/94,86,71
GHCND:USW00012839,11/3/94,85,72
GHCND:USW00012839,11/4/94,83,76
GHCND:USW00012839,11/5/94,85,74
GHCND:USW00012839,11/6/94,84,74
GHCND:USW00012839,11/7/94,86,73
GHCND:USW00012839,11/8/94,86,75
GHCND:USW00012839,11/9/94,85,76
GHCND:USW00012839,11/10/94,86,75
GHCND:USW00012839,11/11/94,87,74
GHCND:USW00012839,11/12/94,84,71
GHCND:USW00012839,11/13/94,79,71
GHCND:USW00012839,11/14/94,80,72
GHCND:USW00012839,11/15/94,83,74
GHCND:USW00012839,11/16/94,81,75
GHCND:USW00012839,11/17/94,76,69
GHCND:USW00012839,11/18/94,76,67
GHCND:USW00012839,11/19/94,80,64
GHCND:USW00012839,11/20/94,78,71
GHCND:USW00012839,11/21/94,84,73
GHCND:USW00012839,11/22/94,86,72
GHCND:USW00012839,11/23/94,85,69
GHCND:USW00012839,11/24/94,77,65
GHCND:USW00012839,11/25/94,79,65
GHCND:USW00012839,11/26/94,81,63
GHCND:USW00012839,11/27/94,82,67
GHCND:USW00012839,11/28/94,83,76
GHCND:USW00012839,11/29/94,84,75
GHCND:USW00012839,11/30/94,85,73
GHCND:USW00012839,12/1/94,85,72
GHCND:USW00012839,12/2/94,82,71
GHCND:USW00012839,12/3/94,84,72
GHCND:USW00012839,12/4/94,83,77
GHCND:USW00012839,12/5/94,83,74
GHCND:USW00012839,12/6/94,84,73
GHCND:USW00012839,12/7/94,85,72
GHCND:USW00012839,12/8/94,84,71
GHCND:USW00012839,12/9/94,83,73
GHCND:USW00012839,12/10/94,83,73
GHCND:USW00012839,12/11/94,83,67
GHCND:USW00012839,12/12/94,79,62
GHCND:USW00012839,12/13/94,80,65
GHCND:USW00012839,12/14/94,72,63
GHCND:USW00012839,12/15/94,79,61
GHCND:USW00012839,12/16/94,82,65
GHCND:USW00012839,12/17/94,82,68
GHCND:USW00012839,12/18/94,80,67
GHCND:USW00012839,12/19/94,75,62
GHCND:USW00012839,12/20/94,78,60
GHCND:USW00012839,12/21/94,75,65
GHCND:USW00012839,12/22/94,74,62
GHCND:USW00012839,12/23/94,70,59
GHCND:USW00012839,12/24/94,69,55
GHCND:USW00012839,12/25/94,68,52
GHCND:USW00012839,12/26/94,66,56
GHCND:USW00012839,12/27/94,71,54
GHCND:USW00012839,12/28/94,79,61
GHCND:USW00012839,12/29/94,79,66
GHCND:USW00012839,12/30/94,80,64
GHCND:USW00012839,12/31/94,80,65
GHCND:USW00012839,1/1/95,82,65
GHCND:USW00012839,1/2/95,84,65
GHCND:USW00012839,1/3/95,80,67
GHCND:USW00012839,1/4/95,80,65
GHCND:USW00012839,1/5/95,76,61
GHCND:USW00012839,1/6/95,80,71
GHCND:USW00012839,1/7/95,83,67
GHCND:USW00012839,1/8/95,71,57
GHCND:USW00012839,1/9/95,71,53
GHCND:USW00012839,1/10/95,74,54
GHCND:USW00012839,1/11/95,76,57
GHCND:USW00012839,1/12/95,79,60
GHCND:USW00012839,1/13/95,80,71
GHCND:USW00012839,1/14/95,77,65
GHCND:USW00012839,1/15/95,78,64
GHCND:USW00012839,1/16/95,72,60
GHCND:USW00012839,1/17/95,73,54
GHCND:USW00012839,1/18/95,79,59
GHCND:USW00012839,1/19/95,78,65
GHCND:USW00012839,1/20/95,68,58
GHCND:USW00012839,1/21/95,69,54
GHCND:USW00012839,1/22/95,70,55
GHCND:USW00012839,1/23/95,80,54
GHCND:USW00012839,1/24/95,67,51
GHCND:USW00012839,1/25/95,66,48
GHCND:USW00012839,1/26/95,70,51
GHCND:USW00012839,1/27/95,73,54
GHCND:USW00012839,1/28/95,78,61
GHCND:USW00012839,1/29/95,81,66
GHCND:USW00012839,1/30/95,73,57
GHCND:USW00012839,1/31/95,63,53
GHCND:USW00012839,2/1/95,65,52
GHCND:USW00012839,2/2/95,72,55
GHCND:USW00012839,2/3/95,73,56
GHCND:USW00012839,2/4/95,74,53
GHCND:USW00012839,2/5/95,67,50
GHCND:USW00012839,2/6/95,64,50
GHCND:USW00012839,2/7/95,73,47
GHCND:USW00012839,2/8/95,67,46
GHCND:USW00012839,2/9/95,65,39
GHCND:USW00012839,2/10/95,73,54
GHCND:USW00012839,2/11/95,82,63
GHCND:USW00012839,2/12/95,86,72
GHCND:USW00012839,2/13/95,83,68
GHCND:USW00012839,2/14/95,81,67
GHCND:USW00012839,2/15/95,81,72
GHCND:USW00012839,2/16/95,80,69
GHCND:USW00012839,2/17/95,83,71
GHCND:USW00012839,2/18/95,83,73
GHCND:USW00012839,2/19/95,83,72
GHCND:USW00012839,2/20/95,79,61
GHCND:USW00012839,2/21/95,76,58
GHCND:USW00012839,2/22/95,73,53
GHCND:USW00012839,2/23/95,75,57
GHCND:USW00012839,2/24/95,79,61
GHCND:USW00012839,2/25/95,78,60
GHCND:USW00012839,2/26/95,75,63
GHCND:USW00012839,2/27/95,78,64
GHCND:USW00012839,2/28/95,79,69
GHCND:USW00012839,3/1/95,86,69
GHCND:USW00012839,3/2/95,77,65
GHCND:USW00012839,3/3/95,81,60
GHCND:USW00012839,3/4/95,81,64
GHCND:USW00012839,3/5/95,80,67
GHCND:USW00012839,3/6/95,82,71
GHCND:USW00012839,3/7/95,82,71
GHCND:USW00012839,3/8/95,81,66
GHCND:USW00012839,3/9/95,70,57
GHCND:USW00012839,3/10/95,74,55
GHCND:USW00012839,3/11/95,75,67
GHCND:USW00012839,3/12/95,75,64
GHCND:USW00012839,3/13/95,77,65
GHCND:USW00012839,3/14/95,78,67
GHCND:USW00012839,3/15/95,77,66
GHCND:USW00012839,3/16/95,79,68
GHCND:USW00012839,3/17/95,78,69
GHCND:USW00012839,3/18/95,81,65
GHCND:USW00012839,3/19/95,81,64
GHCND:USW00012839,3/20/95,80,62
GHCND:USW00012839,3/21/95,83,64
GHCND:USW00012839,3/22/95,83,63
GHCND:USW00012839,3/23/95,84,66
GHCND:USW00012839,3/24/95,85,68
GHCND:USW00012839,3/25/95,82,69
GHCND:USW00012839,3/26/95,78,69
GHCND:USW00012839,3/27/95,80,68
GHCND:USW00012839,3/28/95,87,68
GHCND:USW00012839,3/29/95,89,71
GHCND:USW00012839,3/30/95,88,74
GHCND:USW00012839,3/31/95,87,73
GHCND:USW00012839,4/1/95,87,72
GHCND:USW00012839,4/2/95,82,64
GHCND:USW00012839,4/3/95,78,60
GHCND:USW00012839,4/4/95,80,70
GHCND:USW00012839,4/5/95,83,69
GHCND:USW00012839,4/6/95,80,64
GHCND:USW00012839,4/7/95,85,68
GHCND:USW00012839,4/8/95,84,71
GHCND:USW00012839,4/9/95,86,68
GHCND:USW00012839,4/10/95,86,68
GHCND:USW00012839,4/11/95,85,75
GHCND:USW00012839,4/12/95,82,74
GHCND:USW00012839,4/13/95,89,71
GHCND:USW00012839,4/14/95,86,65
GHCND:USW00012839,4/15/95,83,67
GHCND:USW00012839,4/16/95,82,71
GHCND:USW00012839,4/17/95,84,72
GHCND:USW00012839,4/18/95,86,69
GHCND:USW00012839,4/19/95,88,74
GHCND:USW00012839,4/20/95,88,74
GHCND:USW00012839,4/21/95,86,74
GHCND:USW00012839,4/22/95,86,75
GHCND:USW00012839,4/23/95,85,75
GHCND:USW00012839,4/24/95,90,74
GHCND:USW00012839,4/25/95,91,73
GHCND:USW00012839,4/26/95,83,73
GHCND:USW00012839,4/27/95,87,71
GHCND:USW00012839,4/28/95,79,72
GHCND:USW00012839,4/29/95,78,70
GHCND:USW00012839,4/30/95,83,71
GHCND:USW00012839,5/1/95,86,68
GHCND:USW00012839,5/2/95,87,74
GHCND:USW00012839,5/3/95,89,76
GHCND:USW00012839,5/4/95,88,72
GHCND:USW00012839,5/5/95,87,71
GHCND:USW00012839,5/6/95,89,75
GHCND:USW00012839,5/7/95,87,74
GHCND:USW00012839,5/8/95,86,75
GHCND:USW00012839,5/9/95,84,77
GHCND:USW00012839,5/10/95,86,78
GHCND:USW00012839,5/11/95,88,77
GHCND:USW00012839,5/12/95,91,77
GHCND:USW00012839,5/13/95,90,77
GHCND:USW00012839,5/14/95,91,78
GHCND:USW00012839,5/15/95,96,76
GHCND:USW00012839,5/16/95,95,77
GHCND:USW00012839,5/17/95,92,72
GHCND:USW00012839,5/18/95,90,78
GHCND:USW00012839,5/19/95,94,78
GHCND:USW00012839,5/20/95,91,73
GHCND:USW00012839,5/21/95,88,74
GHCND:USW00012839,5/22/95,88,75
GHCND:USW00012839,5/23/95,89,74
GHCND:USW00012839,5/24/95,86,75
GHCND:USW00012839,5/25/95,87,77
GHCND:USW00012839,5/26/95,87,74
GHCND:USW00012839,5/27/95,88,78
GHCND:USW00012839,5/28/95,88,78
GHCND:USW00012839,5/29/95,87,78
GHCND:USW00012839,5/30/95,87,77
GHCND:USW00012839,5/31/95,88,77
GHCND:USW00012839,6/1/95,89,79
GHCND:USW00012839,6/2/95,88,79
GHCND:USW00012839,6/3/95,86,76
GHCND:USW00012839,6/4/95,84,76
GHCND:USW00012839,6/5/95,87,77
GHCND:USW00012839,6/6/95,87,76
GHCND:USW00012839,6/7/95,90,74
GHCND:USW00012839,6/8/95,91,77
GHCND:USW00012839,6/9/95,92,78
GHCND:USW00012839,6/10/95,89,78
GHCND:USW00012839,6/11/95,88,79
GHCND:USW00012839,6/12/95,87,76
GHCND:USW00012839,6/13/95,85,75
GHCND:USW00012839,6/14/95,86,71
GHCND:USW00012839,6/15/95,87,76
GHCND:USW00012839,6/16/95,88,73
GHCND:USW00012839,6/17/95,86,74
GHCND:USW00012839,6/18/95,82,71
GHCND:USW00012839,6/19/95,85,71
GHCND:USW00012839,6/20/95,82,71
GHCND:USW00012839,6/21/95,81,71
GHCND:USW00012839,6/22/95,86,74
GHCND:USW00012839,6/23/95,84,74
GHCND:USW00012839,6/24/95,87,76
GHCND:USW00012839,6/25/95,90,77
GHCND:USW00012839,6/26/95,92,80
GHCND:USW00012839,6/27/95,96,80
GHCND:USW00012839,6/28/95,92,79
GHCND:USW00012839,6/29/95,92,81
GHCND:USW00012839,6/30/95,91,75
GHCND:USW00012839,7/1/95,97,78
GHCND:USW00012839,7/2/95,93,81
GHCND:USW00012839,7/3/95,96,77
GHCND:USW00012839,7/4/95,93,80
GHCND:USW00012839,7/5/95,93,81
GHCND:USW00012839,7/6/95,92,80
GHCND:USW00012839,7/7/95,90,80
GHCND:USW00012839,7/8/95,90,80
GHCND:USW00012839,7/9/95,96,79
GHCND:USW00012839,7/10/95,92,75
GHCND:USW00012839,7/11/95,91,75
GHCND:USW00012839,7/12/95,90,76
GHCND:USW00012839,7/13/95,88,75
GHCND:USW00012839,7/14/95,91,79
GHCND:USW00012839,7/15/95,91,80
GHCND:USW00012839,7/16/95,92,80
GHCND:USW00012839,7/17/95,92,75
GHCND:USW00012839,7/18/95,86,74
GHCND:USW00012839,7/19/95,90,76
GHCND:USW00012839,7/20/95,91,79
GHCND:USW00012839,7/21/95,96,79
GHCND:USW00012839,7/22/95,92,80
GHCND:USW00012839,7/23/95,93,82
GHCND:USW00012839,7/24/95,92,81
GHCND:USW00012839,7/25/95,91,78
GHCND:USW00012839,7/26/95,88,74
GHCND:USW00012839,7/27/95,84,74
GHCND:USW00012839,7/28/95,86,75
GHCND:USW00012839,7/29/95,89,76
GHCND:USW00012839,7/30/95,87,78
GHCND:USW00012839,7/31/95,89,80
GHCND:USW00012839,8/1/95,86,77
GHCND:USW00012839,8/2/95,89,75
GHCND:USW00012839,8/3/95,83,74
GHCND:USW00012839,8/4/95,84,72
GHCND:USW00012839,8/5/95,88,77
GHCND:USW00012839,8/6/95,89,79
GHCND:USW00012839,8/7/95,90,79
GHCND:USW00012839,8/8/95,90,79
GHCND:USW00012839,8/9/95,95,77
GHCND:USW00012839,8/10/95,90,77
GHCND:USW00012839,8/11/95,91,79
GHCND:USW00012839,8/12/95,93,76
GHCND:USW00012839,8/13/95,95,78
GHCND:USW00012839,8/14/95,93,80
GHCND:USW00012839,8/15/95,97,80
GHCND:USW00012839,8/16/95,95,79
GHCND:USW00012839,8/17/95,92,80
GHCND:USW00012839,8/18/95,95,79
GHCND:USW00012839,8/19/95,94,80
GHCND:USW00012839,8/20/95,93,79
GHCND:USW00012839,8/21/95,91,78
GHCND:USW00012839,8/22/95,89,77
GHCND:USW00012839,8/23/95,87,76
GHCND:USW00012839,8/24/95,81,75
GHCND:USW00012839,8/25/95,89,79
GHCND:USW00012839,8/26/95,90,78
GHCND:USW00012839,8/27/95,89,77
GHCND:USW00012839,8/28/95,92,78
GHCND:USW00012839,8/29/95,94,80
GHCND:USW00012839,8/30/95,94,79
GHCND:USW00012839,8/31/95,91,78
GHCND:USW00012839,9/1/95,89,81
GHCND:USW00012839,9/2/95,91,77
GHCND:USW00012839,9/3/95,94,78
GHCND:USW00012839,9/4/95,91,77
GHCND:USW00012839,9/5/95,88,73
GHCND:USW00012839,9/6/95,87,75
GHCND:USW00012839,9/7/95,89,73
GHCND:USW00012839,9/8/95,88,74
GHCND:USW00012839,9/9/95,87,73
GHCND:USW00012839,9/10/95,90,75
GHCND:USW00012839,9/11/95,89,75
GHCND:USW00012839,9/12/95,90,75
GHCND:USW00012839,9/13/95,91,80
GHCND:USW00012839,9/14/95,91,81
GHCND:USW00012839,9/15/95,90,81
GHCND:USW00012839,9/16/95,89,80
GHCND:USW00012839,9/17/95,91,78
GHCND:USW00012839,9/18/95,93,79
GHCND:USW00012839,9/19/95,94,78
GHCND:USW00012839,9/20/95,91,79
GHCND:USW00012839,9/21/95,90,79
GHCND:USW00012839,9/22/95,90,74
GHCND:USW00012839,9/23/95,91,76
GHCND:USW00012839,9/24/95,91,79
GHCND:USW00012839,9/25/95,91,80
GHCND:USW00012839,9/26/95,91,81
GHCND:USW00012839,9/27/95,91,79
GHCND:USW00012839,9/28/95,84,74
GHCND:USW00012839,9/29/95,89,74
GHCND:USW00012839,9/30/95,93,76
GHCND:USW00012839,10/1/95,90,78
GHCND:USW00012839,10/2/95,89,78
GHCND:USW00012839,10/3/95,90,81
GHCND:USW00012839,10/4/95,89,83
GHCND:USW00012839,10/5/95,89,79
GHCND:USW00012839,10/6/95,88,75
GHCND:USW00012839,10/7/95,88,77
GHCND:USW00012839,10/8/95,88,76
GHCND:USW00012839,10/9/95,87,77
GHCND:USW00012839,10/10/95,87,78
GHCND:USW00012839,10/11/95,88,79
GHCND:USW00012839,10/12/95,89,80
GHCND:USW00012839,10/13/95,87,75
GHCND:USW00012839,10/14/95,86,76
GHCND:USW00012839,10/15/95,88,77
GHCND:USW00012839,10/16/95,85,74
GHCND:USW00012839,10/17/95,82,72
GHCND:USW00012839,10/18/95,81,74
GHCND:USW00012839,10/19/95,83,74
GHCND:USW00012839,10/20/95,87,75
GHCND:USW00012839,10/21/95,87,75
GHCND:USW00012839,10/22/95,83,75
GHCND:USW00012839,10/23/95,84,76
GHCND:USW00012839,10/24/95,86,77
GHCND:USW00012839,10/25/95,86,76
GHCND:USW00012839,10/26/95,87,76
GHCND:USW00012839,10/27/95,87,75
GHCND:USW00012839,10/28/95,90,77
GHCND:USW00012839,10/29/95,86,72
GHCND:USW00012839,10/30/95,83,72
GHCND:USW00012839,10/31/95,85,78
GHCND:USW00012839,11/1/95,88,78
GHCND:USW00012839,11/2/95,87,78
GHCND:USW00012839,11/3/95,87,76
GHCND:USW00012839,11/4/95,89,74
GHCND:USW00012839,11/5/95,86,70
GHCND:USW00012839,11/6/95,86,71
GHCND:USW00012839,11/7/95,85,74
GHCND:USW00012839,11/8/95,87,70
GHCND:USW00012839,11/9/95,81,59
GHCND:USW00012839,11/10/95,83,69
GHCND:USW00012839,11/11/95,84,75
GHCND:USW00012839,11/12/95,76,68
GHCND:USW00012839,11/13/95,81,64
GHCND:USW00012839,11/14/95,74,60
GHCND:USW00012839,11/15/95,70,54
GHCND:USW00012839,11/16/95,76,54
GHCND:USW00012839,11/17/95,76,61
GHCND:USW00012839,11/18/95,78,65
GHCND:USW00012839,11/19/95,80,65
GHCND:USW00012839,11/20/95,80,64
GHCND:USW00012839,11/21/95,80,66
GHCND:USW00012839,11/22/95,78,60
GHCND:USW00012839,11/23/95,78,58
GHCND:USW00012839,11/24/95,81,65
GHCND:USW00012839,11/25/95,78,61
GHCND:USW00012839,11/26/95,78,56
GHCND:USW00012839,11/27/95,82,68
GHCND:USW00012839,11/28/95,83,71
GHCND:USW00012839,11/29/95,81,71
GHCND:USW00012839,11/30/95,81,66
GHCND:USW00012839,12/1/95,80,61
GHCND:USW00012839,12/2/95,81,60
GHCND:USW00012839,12/3/95,81,63
GHCND:USW00012839,12/4/95,82,68
GHCND:USW00012839,12/5/95,83,67
GHCND:USW00012839,12/6/95,81,67
GHCND:USW00012839,12/7/95,82,66
GHCND:USW00012839,12/8/95,84,66
GHCND:USW00012839,12/9/95,83,67
GHCND:USW00012839,12/10/95,74,58
GHCND:USW00012839,12/11/95,75,53
GHCND:USW00012839,12/12/95,77,67
GHCND:USW00012839,12/13/95,80,69
GHCND:USW00012839,12/14/95,82,70
GHCND:USW00012839,12/15/95,81,68
GHCND:USW00012839,12/16/95,82,69
GHCND:USW00012839,12/17/95,81,67
GHCND:USW00012839,12/18/95,81,73
GHCND:USW00012839,12/19/95,84,68
GHCND:USW00012839,12/20/95,76,58
GHCND:USW00012839,12/21/95,65,51
GHCND:USW00012839,12/22/95,64,52
GHCND:USW00012839,12/23/95,62,56
GHCND:USW00012839,12/24/95,58,45
GHCND:USW00012839,12/25/95,59,40
GHCND:USW00012839,12/26/95,64,46
GHCND:USW00012839,12/27/95,64,47
GHCND:USW00012839,12/28/95,58,53
GHCND:USW00012839,12/29/95,76,54
GHCND:USW00012839,12/30/95,80,66
GHCND:USW00012839,12/31/95,76,72
GHCND:USW00012839,1/1/96,84,71
GHCND:USW00012839,1/2/96,86,75
GHCND:USW00012839,1/3/96,78,60
GHCND:USW00012839,1/4/96,68,52
GHCND:USW00012839,1/5/96,72,53
GHCND:USW00012839,1/6/96,77,56
GHCND:USW00012839,1/7/96,78,51
GHCND:USW00012839,1/8/96,56,43
GHCND:USW00012839,1/9/96,61,38
GHCND:USW00012839,1/10/96,71,46
GHCND:USW00012839,1/11/96,74,50
GHCND:USW00012839,1/12/96,76,52
GHCND:USW00012839,1/13/96,61,46
GHCND:USW00012839,1/14/96,71,45
GHCND:USW00012839,1/15/96,73,59
GHCND:USW00012839,1/16/96,77,66
GHCND:USW00012839,1/17/96,79,69
GHCND:USW00012839,1/18/96,80,66
GHCND:USW00012839,1/19/96,83,66
GHCND:USW00012839,1/20/96,79,57
GHCND:USW00012839,1/21/96,84,65
GHCND:USW00012839,1/22/96,78,65
GHCND:USW00012839,1/23/96,77,68
GHCND:USW00012839,1/24/96,82,68
GHCND:USW00012839,1/25/96,81,64
GHCND:USW00012839,1/26/96,79,69
GHCND:USW00012839,1/27/96,82,69
GHCND:USW00012839,1/28/96,76,64
GHCND:USW00012839,1/29/96,78,69
GHCND:USW00012839,1/30/96,81,67
GHCND:USW00012839,1/31/96,83,64
GHCND:USW00012839,2/1/96,81,64
GHCND:USW00012839,2/2/96,82,69
GHCND:USW00012839,2/3/96,82,58
GHCND:USW00012839,2/4/96,59,42
GHCND:USW00012839,2/5/96,62,37
GHCND:USW00012839,2/6/96,68,48
GHCND:USW00012839,2/7/96,74,54
GHCND:USW00012839,2/8/96,75,58
GHCND:USW00012839,2/9/96,78,55
GHCND:USW00012839,2/10/96,80,55
GHCND:USW00012839,2/11/96,78,59
GHCND:USW00012839,2/12/96,73,53
GHCND:USW00012839,2/13/96,70,47
GHCND:USW00012839,2/14/96,76,50
GHCND:USW00012839,2/15/96,80,58
GHCND:USW00012839,2/16/96,77,50
GHCND:USW00012839,2/17/96,58,39
GHCND:USW00012839,2/18/96,68,40
GHCND:USW00012839,2/19/96,73,52
GHCND:USW00012839,2/20/96,81,65
GHCND:USW00012839,2/21/96,83,66
GHCND:USW00012839,2/22/96,83,63
GHCND:USW00012839,2/23/96,83,65
GHCND:USW00012839,2/24/96,85,64
GHCND:USW00012839,2/25/96,84,64
GHCND:USW00012839,2/26/96,82,67
GHCND:USW00012839,2/27/96,83,66
GHCND:USW00012839,2/28/96,84,68
GHCND:USW00012839,2/29/96,84,65
GHCND:USW00012839,3/1/96,86,68
GHCND:USW00012839,3/2/96,83,62
GHCND:USW00012839,3/3/96,69,62
GHCND:USW00012839,3/4/96,76,68
GHCND:USW00012839,3/5/96,80,70
GHCND:USW00012839,3/6/96,83,72
GHCND:USW00012839,3/7/96,86,72
GHCND:USW00012839,3/8/96,75,56
GHCND:USW00012839,3/9/96,67,46
GHCND:USW00012839,3/10/96,59,52
GHCND:USW00012839,3/11/96,57,53
GHCND:USW00012839,3/12/96,74,52
GHCND:USW00012839,3/13/96,77,53
GHCND:USW00012839,3/14/96,76,56
GHCND:USW00012839,3/15/96,76,59
GHCND:USW00012839,3/16/96,79,59
GHCND:USW00012839,3/17/96,82,63
GHCND:USW00012839,3/18/96,87,73
GHCND:USW00012839,3/19/96,80,58
GHCND:USW00012839,3/20/96,73,55
GHCND:USW00012839,3/21/96,67,51
GHCND:USW00012839,3/22/96,70,51
GHCND:USW00012839,3/23/96,75,52
GHCND:USW00012839,3/24/96,78,66
GHCND:USW00012839,3/25/96,79,67
GHCND:USW00012839,3/26/96,83,71
GHCND:USW00012839,3/27/96,82,73
GHCND:USW00012839,3/28/96,83,73
GHCND:USW00012839,3/29/96,86,68
GHCND:USW00012839,3/30/96,87,70
GHCND:USW00012839,3/31/96,89,67
GHCND:USW00012839,4/1/96,86,66
GHCND:USW00012839,4/2/96,73,57
GHCND:USW00012839,4/3/96,80,60
GHCND:USW00012839,4/4/96,81,67
GHCND:USW00012839,4/5/96,84,69
GHCND:USW00012839,4/6/96,85,67
GHCND:USW00012839,4/7/96,86,73
GHCND:USW00012839,4/8/96,82,69
GHCND:USW00012839,4/9/96,72,66
GHCND:USW00012839,4/10/96,78,61
GHCND:USW00012839,4/11/96,78,60
GHCND:USW00012839,4/12/96,76,64
GHCND:USW00012839,4/13/96,82,68
GHCND:USW00012839,4/14/96,84,69
GHCND:USW00012839,4/15/96,83,71
GHCND:USW00012839,4/16/96,87,72
GHCND:USW00012839,4/17/96,79,66
GHCND:USW00012839,4/18/96,80,68
GHCND:USW00012839,4/19/96,81,69
GHCND:USW00012839,4/20/96,81,69
GHCND:USW00012839,4/21/96,84,74
GHCND:USW00012839,4/22/96,84,74
GHCND:USW00012839,4/23/96,85,74
GHCND:USW00012839,4/24/96,92,71
GHCND:USW00012839,4/25/96,85,74
GHCND:USW00012839,4/26/96,87,74
GHCND:USW00012839,4/27/96,89,74
GHCND:USW00012839,4/28/96,87,77
GHCND:USW00012839,4/29/96,87,78
GHCND:USW00012839,4/30/96,84,74
GHCND:USW00012839,5/1/96,83,74
GHCND:USW00012839,5/2/96,86,76
GHCND:USW00012839,5/3/96,87,74
GHCND:USW00012839,5/4/96,86,75
GHCND:USW00012839,5/5/96,86,77
GHCND:USW00012839,5/6/96,86,76
GHCND:USW00012839,5/7/96,86,77
GHCND:USW00012839,5/8/96,87,72
GHCND:USW00012839,5/9/96,87,72
GHCND:USW00012839,5/10/96,86,76
GHCND:USW00012839,5/11/96,85,74
GHCND:USW00012839,5/12/96,91,71
GHCND:USW00012839,5/13/96,92,73
GHCND:USW00012839,5/14/96,88,74
GHCND:USW00012839,5/15/96,85,76
GHCND:USW00012839,5/16/96,87,75
GHCND:USW00012839,5/17/96,85,75
GHCND:USW00012839,5/18/96,85,77
GHCND:USW00012839,5/19/96,87,78
GHCND:USW00012839,5/20/96,87,74
GHCND:USW00012839,5/21/96,80,74
GHCND:USW00012839,5/22/96,89,77
GHCND:USW00012839,5/23/96,85,76
GHCND:USW00012839,5/24/96,89,77
GHCND:USW00012839,5/25/96,93,76
GHCND:USW00012839,5/26/96,92,75
GHCND:USW00012839,5/27/96,89,76
GHCND:USW00012839,5/28/96,93,71
GHCND:USW00012839,5/29/96,93,74
GHCND:USW00012839,5/30/96,93,74
GHCND:USW00012839,5/31/96,88,74
GHCND:USW00012839,6/1/96,85,75
GHCND:USW00012839,6/2/96,84,75
GHCND:USW00012839,6/3/96,84,75
GHCND:USW00012839,6/4/96,88,75
GHCND:USW00012839,6/5/96,93,76
GHCND:USW00012839,6/6/96,92,76
GHCND:USW00012839,6/7/96,89,77
GHCND:USW00012839,6/8/96,91,77
GHCND:USW00012839,6/9/96,92,73
GHCND:USW00012839,6/10/96,88,72
GHCND:USW00012839,6/11/96,88,76
GHCND:USW00012839,6/12/96,88,74
GHCND:USW00012839,6/13/96,83,74
GHCND:USW00012839,6/14/96,87,77
GHCND:USW00012839,6/15/96,88,77
GHCND:USW00012839,6/16/96,88,77
GHCND:USW00012839,6/17/96,88,77
GHCND:USW00012839,6/18/96,91,75
GHCND:USW00012839,6/19/96,91,74
GHCND:USW00012839,6/20/96,88,73
GHCND:USW00012839,6/21/96,93,73
GHCND:USW00012839,6/22/96,93,76
GHCND:USW00012839,6/23/96,94,75
GHCND:USW00012839,6/24/96,93,76
GHCND:USW00012839,6/25/96,92,79
GHCND:USW00012839,6/26/96,92,76
GHCND:USW00012839,6/27/96,92,76
GHCND:USW00012839,6/28/96,91,74
GHCND:USW00012839,6/29/96,91,77
GHCND:USW00012839,6/30/96,86,77
GHCND:USW00012839,7/1/96,88,74
GHCND:USW00012839,7/2/96,90,76
GHCND:USW00012839,7/3/96,92,78
GHCND:USW00012839,7/4/96,92,78
GHCND:USW00012839,7/5/96,91,79
GHCND:USW00012839,7/6/96,91,77
GHCND:USW00012839,7/7/96,91,81
GHCND:USW00012839,7/8/96,90,81
GHCND:USW00012839,7/9/96,92,78
GHCND:USW00012839,7/10/96,93,76
GHCND:USW00012839,7/11/96,93,79
GHCND:USW00012839,7/12/96,90,72
GHCND:USW00012839,7/13/96,89,74
GHCND:USW00012839,7/14/96,90,79
GHCND:USW00012839,7/15/96,90,80
GHCND:USW00012839,7/16/96,91,75
GHCND:USW00012839,7/17/96,90,82
GHCND:USW00012839,7/18/96,89,79
GHCND:USW00012839,7/19/96,89,79
GHCND:USW00012839,7/20/96,89,77
GHCND:USW00012839,7/21/96,91,77
GHCND:USW00012839,7/22/96,91,79
GHCND:USW00012839,7/23/96,89,78
GHCND:USW00012839,7/24/96,91,80
GHCND:USW00012839,7/25/96,90,81
GHCND:USW00012839,7/26/96,90,80
GHCND:USW00012839,7/27/96,91,81
GHCND:USW00012839,7/28/96,91,82
GHCND:USW00012839,7/29/96,90,81
GHCND:USW00012839,7/30/96,90,79
GHCND:USW00012839,7/31/96,91,80
GHCND:USW00012839,8/1/96,90,76
GHCND:USW00012839,8/2/96,90,79
GHCND:USW00012839,8/3/96,91,78
GHCND:USW00012839,8/4/96,91,82
GHCND:USW00012839,8/5/96,91,81
GHCND:USW00012839,8/6/96,90,77
GHCND:USW00012839,8/7/96,90,82
GHCND:USW00012839,8/8/96,87,75
GHCND:USW00012839,8/9/96,90,76
GHCND:USW00012839,8/10/96,91,77
GHCND:USW00012839,8/11/96,91,78
GHCND:USW00012839,8/12/96,92,78
GHCND:USW00012839,8/13/96,91,79
GHCND:USW00012839,8/14/96,93,75
GHCND:USW00012839,8/15/96,92,78
GHCND:USW00012839,8/16/96,88,80
GHCND:USW00012839,8/17/96,91,75
GHCND:USW00012839,8/18/96,90,75
GHCND:USW00012839,8/19/96,89,72
GHCND:USW00012839,8/20/96,88,73
GHCND:USW00012839,8/21/96,89,73
GHCND:USW00012839,8/22/96,88,72
GHCND:USW00012839,8/23/96,88,72
GHCND:USW00012839,8/24/96,89,73
GHCND:USW00012839,8/25/96,88,74
GHCND:USW00012839,8/26/96,87,77
GHCND:USW00012839,8/27/96,85,75
GHCND:USW00012839,8/28/96,89,76
GHCND:USW00012839,8/29/96,90,77
GHCND:USW00012839,8/30/96,90,78
GHCND:USW00012839,8/31/96,93,77
GHCND:USW00012839,9/1/96,93,79
GHCND:USW00012839,9/2/96,93,75
GHCND:USW00012839,9/3/96,91,78
GHCND:USW00012839,9/4/96,93,76
GHCND:USW00012839,9/5/96,93,78
GHCND:USW00012839,9/6/96,92,76
GHCND:USW00012839,9/7/96,91,79
GHCND:USW00012839,9/8/96,89,74
GHCND:USW00012839,9/9/96,85,73
GHCND:USW00012839,9/10/96,88,75
GHCND:USW00012839,9/11/96,87,73
GHCND:USW00012839,9/12/96,89,76
GHCND:USW00012839,9/13/96,91,76
GHCND:USW00012839,9/14/96,92,77
GHCND:USW00012839,9/15/96,89,77
GHCND:USW00012839,9/16/96,89,76
GHCND:USW00012839,9/17/96,89,79
GHCND:USW00012839,9/18/96,93,78
GHCND:USW00012839,9/19/96,92,75
GHCND:USW00012839,9/20/96,89,76
GHCND:USW00012839,9/21/96,90,75
GHCND:USW00012839,9/22/96,91,76
GHCND:USW00012839,9/23/96,88,77
GHCND:USW00012839,9/24/96,87,78
GHCND:USW00012839,9/25/96,87,76
GHCND:USW00012839,9/26/96,88,77
GHCND:USW00012839,9/27/96,89,78
GHCND:USW00012839,9/28/96,89,79
GHCND:USW00012839,9/29/96,89,80
GHCND:USW00012839,9/30/96,88,74
GHCND:USW00012839,10/1/96,87,77
GHCND:USW00012839,10/2/96,87,80
GHCND:USW00012839,10/3/96,85,74
GHCND:USW00012839,10/4/96,83,73
GHCND:USW00012839,10/5/96,86,73
GHCND:USW00012839,10/6/96,80,74
GHCND:USW00012839,10/7/96,87,75
GHCND:USW00012839,10/8/96,86,76
GHCND:USW00012839,10/9/96,87,75
GHCND:USW00012839,10/10/96,85,74
GHCND:USW00012839,10/11/96,81,73
GHCND:USW00012839,10/12/96,83,73
GHCND:USW00012839,10/13/96,79,73
GHCND:USW00012839,10/14/96,83,73
GHCND:USW00012839,10/15/96,84,74
GHCND:USW00012839,10/16/96,86,74
GHCND:USW00012839,10/17/96,82,74
GHCND:USW00012839,10/18/96,84,74
GHCND:USW00012839,10/19/96,81,68
GHCND:USW00012839,10/20/96,81,64
GHCND:USW00012839,10/21/96,82,68
GHCND:USW00012839,10/22/96,83,69
GHCND:USW00012839,10/23/96,83,71
GHCND:USW00012839,10/24/96,84,69
GHCND:USW00012839,10/25/96,84,70
GHCND:USW00012839,10/26/96,86,76
GHCND:USW00012839,10/27/96,86,77
GHCND:USW00012839,10/28/96,84,72
GHCND:USW00012839,10/29/96,85,70
GHCND:USW00012839,10/30/96,85,73
GHCND:USW00012839,10/31/96,85,72
GHCND:USW00012839,11/1/96,83,71
GHCND:USW00012839,11/2/96,86,73
GHCND:USW00012839,11/3/96,82,72
GHCND:USW00012839,11/4/96,83,75
GHCND:USW00012839,11/5/96,85,76
GHCND:USW00012839,11/6/96,85,75
GHCND:USW00012839,11/7/96,85,76
GHCND:USW00012839,11/8/96,85,69
GHCND:USW00012839,11/9/96,74,60
GHCND:USW00012839,11/10/96,76,56
GHCND:USW00012839,11/11/96,78,58
GHCND:USW00012839,11/12/96,78,59
GHCND:USW00012839,11/13/96,79,72
GHCND:USW00012839,11/14/96,75,71
GHCND:USW00012839,11/15/96,78,72
GHCND:USW00012839,11/16/96,78,73
GHCND:USW00012839,11/17/96,79,72
GHCND:USW00012839,11/18/96,79,69
GHCND:USW00012839,11/19/96,82,67
GHCND:USW00012839,11/20/96,82,64
GHCND:USW00012839,11/21/96,82,65
GHCND:USW00012839,11/22/96,82,63
GHCND:USW00012839,11/23/96,77,62
GHCND:USW00012839,11/24/96,79,70
GHCND:USW00012839,11/25/96,81,73
GHCND:USW00012839,11/26/96,85,65
GHCND:USW00012839,11/27/96,78,56
GHCND:USW00012839,11/28/96,77,70
GHCND:USW00012839,11/29/96,79,69
GHCND:USW00012839,11/30/96,79,71
GHCND:USW00012839,12/1/96,81,71
GHCND:USW00012839,12/2/96,85,70
GHCND:USW00012839,12/3/96,84,65
GHCND:USW00012839,12/4/96,78,66
GHCND:USW00012839,12/5/96,80,67
GHCND:USW00012839,12/6/96,83,70
GHCND:USW00012839,12/7/96,83,67
GHCND:USW00012839,12/8/96,77,56
GHCND:USW00012839,12/9/96,68,51
GHCND:USW00012839,12/10/96,73,53
GHCND:USW00012839,12/11/96,76,60
GHCND:USW00012839,12/12/96,79,66
GHCND:USW00012839,12/13/96,77,67
GHCND:USW00012839,12/14/96,79,63
GHCND:USW00012839,12/15/96,77,60
GHCND:USW00012839,12/16/96,76,60
GHCND:USW00012839,12/17/96,76,61
GHCND:USW00012839,12/18/96,79,62
GHCND:USW00012839,12/19/96,81,48
GHCND:USW00012839,12/20/96,57,43
GHCND:USW00012839,12/21/96,70,52
GHCND:USW00012839,12/22/96,77,66
GHCND:USW00012839,12/23/96,78,64
GHCND:USW00012839,12/24/96,79,62
GHCND:USW00012839,12/25/96,79,60
GHCND:USW00012839,12/26/96,82,63
GHCND:USW00012839,12/27/96,80,70
GHCND:USW00012839,12/28/96,80,67
GHCND:USW00012839,12/29/96,82,66
GHCND:USW00012839,12/30/96,81,71
GHCND:USW00012839,12/31/96,82,66
GHCND:USW00012839,1/1/97,81,67
GHCND:USW00012839,1/2/97,83,66
GHCND:USW00012839,1/3/97,83,66
GHCND:USW00012839,1/4/97,80,64
GHCND:USW00012839,1/5/97,82,64
GHCND:USW00012839,1/6/97,81,65
GHCND:USW00012839,1/7/97,83,65
GHCND:USW00012839,1/8/97,82,62
GHCND:USW00012839,1/9/97,84,68
GHCND:USW00012839,1/10/97,77,59
GHCND:USW00012839,1/11/97,69,60
GHCND:USW00012839,1/12/97,72,62
GHCND:USW00012839,1/13/97,76,63
GHCND:USW00012839,1/14/97,71,63
GHCND:USW00012839,1/15/97,73,66
GHCND:USW00012839,1/16/97,83,57
GHCND:USW00012839,1/17/97,62,48
GHCND:USW00012839,1/18/97,58,42
GHCND:USW00012839,1/19/97,56,37
GHCND:USW00012839,1/20/97,69,41
GHCND:USW00012839,1/21/97,74,53
GHCND:USW00012839,1/22/97,77,62
GHCND:USW00012839,1/23/97,81,58
GHCND:USW00012839,1/24/97,80,66
GHCND:USW00012839,1/25/97,81,66
GHCND:USW00012839,1/26/97,79,61
GHCND:USW00012839,1/27/97,77,66
GHCND:USW00012839,1/28/97,80,66
GHCND:USW00012839,1/29/97,82,64
GHCND:USW00012839,1/30/97,82,64
GHCND:USW00012839,1/31/97,66,56
GHCND:USW00012839,2/1/97,73,52
GHCND:USW00012839,2/2/97,76,54
GHCND:USW00012839,2/3/97,80,60
GHCND:USW00012839,2/4/97,84,69
GHCND:USW00012839,2/5/97,81,72
GHCND:USW00012839,2/6/97,82,67
GHCND:USW00012839,2/7/97,83,70
GHCND:USW00012839,2/8/97,85,70
GHCND:USW00012839,2/9/97,79,70
GHCND:USW00012839,2/10/97,82,62
GHCND:USW00012839,2/11/97,72,57
GHCND:USW00012839,2/12/97,79,57
GHCND:USW00012839,2/13/97,82,72
GHCND:USW00012839,2/14/97,83,74
GHCND:USW00012839,2/15/97,84,69
GHCND:USW00012839,2/16/97,82,66
GHCND:USW00012839,2/17/97,76,65
GHCND:USW00012839,2/18/97,78,70
GHCND:USW00012839,2/19/97,81,70
GHCND:USW00012839,2/20/97,83,72
GHCND:USW00012839,2/21/97,82,74
GHCND:USW00012839,2/22/97,82,73
GHCND:USW00012839,2/23/97,85,68
GHCND:USW00012839,2/24/97,82,72
GHCND:USW00012839,2/25/97,81,70
GHCND:USW00012839,2/26/97,82,72
GHCND:USW00012839,2/27/97,82,74
GHCND:USW00012839,2/28/97,83,74
GHCND:USW00012839,3/1/97,83,74
GHCND:USW00012839,3/2/97,83,74
GHCND:USW00012839,3/3/97,83,73
GHCND:USW00012839,3/4/97,83,70
GHCND:USW00012839,3/5/97,83,73
GHCND:USW00012839,3/6/97,86,70
GHCND:USW00012839,3/7/97,79,70
GHCND:USW00012839,3/8/97,82,71
GHCND:USW00012839,3/9/97,82,71
GHCND:USW00012839,3/10/97,82,70
GHCND:USW00012839,3/11/97,81,70
GHCND:USW00012839,3/12/97,85,68
GHCND:USW00012839,3/13/97,83,73
GHCND:USW00012839,3/14/97,84,65
GHCND:USW00012839,3/15/97,83,63
GHCND:USW00012839,3/16/97,81,66
GHCND:USW00012839,3/17/97,80,69
GHCND:USW00012839,3/18/97,80,71
GHCND:USW00012839,3/19/97,81,69
GHCND:USW00012839,3/20/97,83,70
GHCND:USW00012839,3/21/97,80,66
GHCND:USW00012839,3/22/97,83,64
GHCND:USW00012839,3/23/97,84,63
GHCND:USW00012839,3/24/97,84,68
GHCND:USW00012839,3/25/97,83,73
GHCND:USW00012839,3/26/97,84,74
GHCND:USW00012839,3/27/97,86,71
GHCND:USW00012839,3/28/97,85,71
GHCND:USW00012839,3/29/97,86,67
GHCND:USW00012839,3/30/97,87,69
GHCND:USW00012839,3/31/97,87,70
GHCND:USW00012839,4/1/97,81,62
GHCND:USW00012839,4/2/97,78,65
GHCND:USW00012839,4/3/97,81,68
GHCND:USW00012839,4/4/97,80,68
GHCND:USW00012839,4/5/97,81,71
GHCND:USW00012839,4/6/97,83,73
GHCND:USW00012839,4/7/97,82,72
GHCND:USW00012839,4/8/97,85,71
GHCND:USW00012839,4/9/97,83,68
GHCND:USW00012839,4/10/97,74,68
GHCND:USW00012839,4/11/97,81,69
GHCND:USW00012839,4/12/97,83,71
GHCND:USW00012839,4/13/97,89,72
GHCND:USW00012839,4/14/97,85,73
GHCND:USW00012839,4/15/97,81,71
GHCND:USW00012839,4/16/97,79,72
GHCND:USW00012839,4/17/97,85,67
GHCND:USW00012839,4/18/97,75,60
GHCND:USW00012839,4/19/97,78,54
GHCND:USW00012839,4/20/97,81,59
GHCND:USW00012839,4/21/97,83,64
GHCND:USW00012839,4/22/97,90,70
GHCND:USW00012839,4/23/97,89,73
GHCND:USW00012839,4/24/97,81,66
GHCND:USW00012839,4/25/97,82,74
GHCND:USW00012839,4/26/97,83,75
GHCND:USW00012839,4/27/97,86,78
GHCND:USW00012839,4/28/97,89,71
GHCND:USW00012839,4/29/97,86,71
GHCND:USW00012839,4/30/97,84,67
GHCND:USW00012839,5/1/97,87,73
GHCND:USW00012839,5/2/97,91,75
GHCND:USW00012839,5/3/97,90,79
GHCND:USW00012839,5/4/97,92,75
GHCND:USW00012839,5/5/97,81,72
GHCND:USW00012839,5/6/97,82,70
GHCND:USW00012839,5/7/97,83,70
GHCND:USW00012839,5/8/97,82,72
GHCND:USW00012839,5/9/97,85,71
GHCND:USW00012839,5/10/97,90,73
GHCND:USW00012839,5/11/97,86,74
GHCND:USW00012839,5/12/97,87,71
GHCND:USW00012839,5/13/97,89,72
GHCND:USW00012839,5/14/97,85,71
GHCND:USW00012839,5/15/97,88,72
GHCND:USW00012839,5/16/97,86,76
GHCND:USW00012839,5/17/97,82,73
GHCND:USW00012839,5/18/97,88,74
GHCND:USW00012839,5/19/97,87,79
GHCND:USW00012839,5/20/97,88,77
GHCND:USW00012839,5/21/97,91,77
GHCND:USW00012839,5/22/97,94,75
GHCND:USW00012839,5/23/97,87,77
GHCND:USW00012839,5/24/97,85,78
GHCND:USW00012839,5/25/97,85,76
GHCND:USW00012839,5/26/97,89,77
GHCND:USW00012839,5/27/97,89,70
GHCND:USW00012839,5/28/97,90,69
GHCND:USW00012839,5/29/97,84,77
GHCND:USW00012839,5/30/97,86,74
GHCND:USW00012839,5/31/97,91,74
GHCND:USW00012839,6/1/97,88,76
GHCND:USW00012839,6/2/97,89,72
GHCND:USW00012839,6/3/97,89,75
GHCND:USW00012839,6/4/97,89,74
GHCND:USW00012839,6/5/97,86,74
GHCND:USW00012839,6/6/97,90,72
GHCND:USW00012839,6/7/97,90,73
GHCND:USW00012839,6/8/97,85,75
GHCND:USW00012839,6/9/97,83,72
GHCND:USW00012839,6/10/97,87,73
GHCND:USW00012839,6/11/97,89,76
GHCND:USW00012839,6/12/97,85,72
GHCND:USW00012839,6/13/97,91,77
GHCND:USW00012839,6/14/97,91,74
GHCND:USW00012839,6/15/97,89,74
GHCND:USW00012839,6/16/97,92,76
GHCND:USW00012839,6/17/97,92,76
GHCND:USW00012839,6/18/97,91,72
GHCND:USW00012839,6/19/97,92,75
GHCND:USW00012839,6/20/97,91,73
GHCND:USW00012839,6/21/97,90,77
GHCND:USW00012839,6/22/97,84,74
GHCND:USW00012839,6/23/97,89,76
GHCND:USW00012839,6/24/97,89,78
GHCND:USW00012839,6/25/97,92,77
GHCND:USW00012839,6/26/97,90,80
GHCND:USW00012839,6/27/97,90,79
GHCND:USW00012839,6/28/97,89,78
GHCND:USW00012839,6/29/97,91,80
GHCND:USW00012839,6/30/97,90,75
GHCND:USW00012839,7/1/97,94,77
GHCND:USW00012839,7/2/97,91,79
GHCND:USW00012839,7/3/97,93,74
GHCND:USW00012839,7/4/97,92,74
GHCND:USW00012839,7/5/97,92,77
GHCND:USW00012839,7/6/97,91,73
GHCND:USW00012839,7/7/97,91,79
GHCND:USW00012839,7/8/97,92,81
GHCND:USW00012839,7/9/97,91,78
GHCND:USW00012839,7/10/97,89,76
GHCND:USW00012839,7/11/97,91,76
GHCND:USW00012839,7/12/97,92,74
GHCND:USW00012839,7/13/97,89,73
GHCND:USW00012839,7/14/97,89,76
GHCND:USW00012839,7/15/97,90,75
GHCND:USW00012839,7/16/97,87,76
GHCND:USW00012839,7/17/97,90,77
GHCND:USW00012839,7/18/97,89,77
GHCND:USW00012839,7/19/97,90,73
GHCND:USW00012839,7/20/97,90,74
GHCND:USW00012839,7/21/97,90,76
GHCND:USW00012839,7/22/97,89,79
GHCND:USW00012839,7/23/97,90,81
GHCND:USW00012839,7/24/97,90,82
GHCND:USW00012839,7/25/97,91,81
GHCND:USW00012839,7/26/97,91,80
GHCND:USW00012839,7/27/97,91,80
GHCND:USW00012839,7/28/97,91,82
GHCND:USW00012839,7/29/97,92,80
GHCND:USW00012839,7/30/97,92,80
GHCND:USW00012839,7/31/97,92,81
GHCND:USW00012839,8/1/97,92,77
GHCND:USW00012839,8/2/97,91,78
GHCND:USW00012839,8/3/97,93,73
GHCND:USW00012839,8/4/97,93,76
GHCND:USW00012839,8/5/97,93,78
GHCND:USW00012839,8/6/97,91,79
GHCND:USW00012839,8/7/97,94,78
GHCND:USW00012839,8/8/97,91,77
GHCND:USW00012839,8/9/97,89,74
GHCND:USW00012839,8/10/97,90,76
GHCND:USW00012839,8/11/97,92,77
GHCND:USW00012839,8/12/97,92,79
GHCND:USW00012839,8/13/97,91,79
GHCND:USW00012839,8/14/97,92,78
GHCND:USW00012839,8/15/97,91,78
GHCND:USW00012839,8/16/97,91,78
GHCND:USW00012839,8/17/97,91,82
GHCND:USW00012839,8/18/97,92,81
GHCND:USW00012839,8/19/97,93,81
GHCND:USW00012839,8/20/97,92,81
GHCND:USW00012839,8/21/97,91,78
GHCND:USW00012839,8/22/97,91,78
GHCND:USW00012839,8/23/97,93,80
GHCND:USW00012839,8/24/97,91,73
GHCND:USW00012839,8/25/97,91,74
GHCND:USW00012839,8/26/97,87,75
GHCND:USW00012839,8/27/97,90,76
GHCND:USW00012839,8/28/97,89,75
GHCND:USW00012839,8/29/97,90,77
GHCND:USW00012839,8/30/97,89,79
GHCND:USW00012839,8/31/97,89,77
GHCND:USW00012839,9/1/97,90,76
GHCND:USW00012839,9/2/97,88,78
GHCND:USW00012839,9/3/97,91,78
GHCND:USW00012839,9/4/97,87,76
GHCND:USW00012839,9/5/97,84,75
GHCND:USW00012839,9/6/97,82,74
GHCND:USW00012839,9/7/97,87,74
GHCND:USW00012839,9/8/97,89,73
GHCND:USW00012839,9/9/97,88,77
GHCND:USW00012839,9/10/97,89,76
GHCND:USW00012839,9/11/97,89,77
GHCND:USW00012839,9/12/97,88,74
GHCND:USW00012839,9/13/97,89,74
GHCND:USW00012839,9/14/97,84,74
GHCND:USW00012839,9/15/97,82,73
GHCND:USW00012839,9/16/97,88,74
GHCND:USW00012839,9/17/97,86,73
GHCND:USW00012839,9/18/97,89,77
GHCND:USW00012839,9/19/97,86,75
GHCND:USW00012839,9/20/97,87,75
GHCND:USW00012839,9/21/97,85,75
GHCND:USW00012839,9/22/97,89,75
GHCND:USW00012839,9/23/97,88,74
GHCND:USW00012839,9/24/97,90,75
GHCND:USW00012839,9/25/97,90,79
GHCND:USW00012839,9/26/97,89,77
GHCND:USW00012839,9/27/97,89,76
GHCND:USW00012839,9/28/97,90,76
GHCND:USW00012839,9/29/97,88,76
GHCND:USW00012839,9/30/97,87,76
GHCND:USW00012839,10/1/97,86,74
GHCND:USW00012839,10/2/97,87,72
GHCND:USW00012839,10/3/97,89,74
GHCND:USW00012839,10/4/97,87,73
GHCND:USW00012839,10/5/97,88,77
GHCND:USW00012839,10/6/97,86,75
GHCND:USW00012839,10/7/97,86,76
GHCND:USW00012839,10/8/97,87,75
GHCND:USW00012839,10/9/97,87,74
GHCND:USW00012839,10/10/97,88,74
GHCND:USW00012839,10/11/97,85,75
GHCND:USW00012839,10/12/97,87,75
GHCND:USW00012839,10/13/97,86,76
GHCND:USW00012839,10/14/97,84,74
GHCND:USW00012839,10/15/97,84,73
GHCND:USW00012839,10/16/97,84,72
GHCND:USW00012839,10/17/97,85,71
GHCND:USW00012839,10/18/97,83,71
GHCND:USW00012839,10/19/97,79,66
GHCND:USW00012839,10/20/97,80,61
GHCND:USW00012839,10/21/97,81,69
GHCND:USW00012839,10/22/97,84,68
GHCND:USW00012839,10/23/97,83,65
GHCND:USW00012839,10/24/97,82,67
GHCND:USW00012839,10/25/97,87,76
GHCND:USW00012839,10/26/97,86,77
GHCND:USW00012839,10/27/97,90,76
GHCND:USW00012839,10/28/97,78,68
GHCND:USW00012839,10/29/97,84,67
GHCND:USW00012839,10/30/97,84,74
GHCND:USW00012839,10/31/97,86,74
GHCND:USW00012839,11/1/97,86,76
GHCND:USW00012839,11/2/97,89,75
GHCND:USW00012839,11/3/97,78,67
GHCND:USW00012839,11/4/97,74,65
GHCND:USW00012839,11/5/97,79,64
GHCND:USW00012839,11/6/97,85,69
GHCND:USW00012839,11/7/97,82,63
GHCND:USW00012839,11/8/97,72,59
GHCND:USW00012839,11/9/97,74,52
GHCND:USW00012839,11/10/97,78,58
GHCND:USW00012839,11/11/97,81,63
GHCND:USW00012839,11/12/97,81,68
GHCND:USW00012839,11/13/97,84,76
GHCND:USW00012839,11/14/97,83,73
GHCND:USW00012839,11/15/97,83,67
GHCND:USW00012839,11/16/97,80,68
GHCND:USW00012839,11/17/97,78,64
GHCND:USW00012839,11/18/97,79,64
GHCND:USW00012839,11/19/97,80,68
GHCND:USW00012839,11/20/97,81,66
GHCND:USW00012839,11/21/97,81,74
GHCND:USW00012839,11/22/97,84,74
GHCND:USW00012839,11/23/97,81,72
GHCND:USW00012839,11/24/97,77,71
GHCND:USW00012839,11/25/97,78,71
GHCND:USW00012839,11/26/97,79,69
GHCND:USW00012839,11/27/97,80,65
GHCND:USW00012839,11/28/97,82,68
GHCND:USW00012839,11/29/97,80,73
GHCND:USW00012839,11/30/97,86,70
GHCND:USW00012839,12/1/97,76,64
GHCND:USW00012839,12/2/97,78,60
GHCND:USW00012839,12/3/97,79,66
GHCND:USW00012839,12/4/97,77,68
GHCND:USW00012839,12/5/97,73,60
GHCND:USW00012839,12/6/97,67,54
GHCND:USW00012839,12/7/97,64,50
GHCND:USW00012839,12/8/97,70,51
GHCND:USW00012839,12/9/97,86,66
GHCND:USW00012839,12/10/97,85,70
GHCND:USW00012839,12/11/97,85,74
GHCND:USW00012839,12/12/97,85,74
GHCND:USW00012839,12/13/97,81,70
GHCND:USW00012839,12/14/97,74,58
GHCND:USW00012839,12/15/97,64,56
GHCND:USW00012839,12/16/97,71,53
GHCND:USW00012839,12/17/97,71,54
GHCND:USW00012839,12/18/97,64,51
GHCND:USW00012839,12/19/97,76,57
GHCND:USW00012839,12/20/97,78,59
GHCND:USW00012839,12/21/97,80,69
GHCND:USW00012839,12/22/97,81,72
GHCND:USW00012839,12/23/97,81,71
GHCND:USW00012839,12/24/97,81,73
GHCND:USW00012839,12/25/97,83,74
GHCND:USW00012839,12/26/97,83,73
GHCND:USW00012839,12/27/97,84,62
GHCND:USW00012839,12/28/97,62,55
GHCND:USW00012839,12/29/97,67,56
GHCND:USW00012839,12/30/97,67,54
GHCND:USW00012839,12/31/97,73,51
GHCND:USW00012839,1/1/98,68,49
GHCND:USW00012839,1/2/98,76,66
GHCND:USW00012839,1/3/98,78,70
GHCND:USW00012839,1/4/98,82,71
GHCND:USW00012839,1/5/98,82,73
GHCND:USW00012839,1/6/98,80,71
GHCND:USW00012839,1/7/98,81,74
GHCND:USW00012839,1/8/98,84,69
GHCND:USW00012839,1/9/98,80,70
GHCND:USW00012839,1/10/98,76,65
GHCND:USW00012839,1/11/98,77,63
GHCND:USW00012839,1/12/98,79,60
GHCND:USW00012839,1/13/98,79,66
GHCND:USW00012839,1/14/98,78,66
GHCND:USW00012839,1/15/98,79,68
GHCND:USW00012839,1/16/98,77,60
GHCND:USW00012839,1/17/98,69,56
GHCND:USW00012839,1/18/98,73,56
GHCND:USW00012839,1/19/98,76,61
GHCND:USW00012839,1/20/98,76,64
GHCND:USW00012839,1/21/98,78,67
GHCND:USW00012839,1/22/98,78,71
GHCND:USW00012839,1/23/98,80,73
GHCND:USW00012839,1/24/98,78,61
GHCND:USW00012839,1/25/98,69,56
GHCND:USW00012839,1/26/98,75,67
GHCND:USW00012839,1/27/98,78,62
GHCND:USW00012839,1/28/98,70,56
GHCND:USW00012839,1/29/98,69,51
GHCND:USW00012839,1/30/98,73,51
GHCND:USW00012839,1/31/98,73,59
GHCND:USW00012839,2/1/98,76,56
GHCND:USW00012839,2/2/98,77,68
GHCND:USW00012839,2/3/98,74,67
GHCND:USW00012839,2/4/98,72,63
GHCND:USW00012839,2/5/98,73,57
GHCND:USW00012839,2/6/98,66,52
GHCND:USW00012839,2/7/98,63,51
GHCND:USW00012839,2/8/98,65,50
GHCND:USW00012839,2/9/98,66,50
GHCND:USW00012839,2/10/98,74,53
GHCND:USW00012839,2/11/98,76,64
GHCND:USW00012839,2/12/98,81,63
GHCND:USW00012839,2/13/98,79,60
GHCND:USW00012839,2/14/98,75,61
GHCND:USW00012839,2/15/98,75,63
GHCND:USW00012839,2/16/98,80,72
GHCND:USW00012839,2/17/98,84,72
GHCND:USW00012839,2/18/98,81,64
GHCND:USW00012839,2/19/98,84,70
GHCND:USW00012839,2/20/98,81,71
GHCND:USW00012839,2/21/98,79,64
GHCND:USW00012839,2/22/98,82,73
GHCND:USW00012839,2/23/98,80,63
GHCND:USW00012839,2/24/98,73,57
GHCND:USW00012839,2/25/98,76,54
GHCND:USW00012839,2/26/98,77,61
GHCND:USW00012839,2/27/98,83,69
GHCND:USW00012839,2/28/98,84,72
GHCND:USW00012839,3/1/98,81,66
GHCND:USW00012839,3/2/98,73,57
GHCND:USW00012839,3/3/98,71,54
GHCND:USW00012839,3/4/98,69,56
GHCND:USW00012839,3/5/98,75,54
GHCND:USW00012839,3/6/98,78,66
GHCND:USW00012839,3/7/98,80,68
GHCND:USW00012839,3/8/98,83,73
GHCND:USW00012839,3/9/98,79,62
GHCND:USW00012839,3/10/98,68,55
GHCND:USW00012839,3/11/98,68,49
GHCND:USW00012839,3/12/98,67,50
GHCND:USW00012839,3/13/98,73,49
GHCND:USW00012839,3/14/98,75,56
GHCND:USW00012839,3/15/98,75,61
GHCND:USW00012839,3/16/98,77,64
GHCND:USW00012839,3/17/98,79,69
GHCND:USW00012839,3/18/98,80,72
GHCND:USW00012839,3/19/98,79,66
GHCND:USW00012839,3/20/98,84,66
GHCND:USW00012839,3/21/98,76,62
GHCND:USW00012839,3/22/98,67,58
GHCND:USW00012839,3/23/98,73,56
GHCND:USW00012839,3/24/98,77,58
GHCND:USW00012839,3/25/98,79,60
GHCND:USW00012839,3/26/98,79,69
GHCND:USW00012839,3/27/98,80,71
GHCND:USW00012839,3/28/98,82,72
GHCND:USW00012839,3/29/98,82,71
GHCND:USW00012839,3/30/98,83,72
GHCND:USW00012839,3/31/98,82,73
GHCND:USW00012839,4/1/98,82,74
GHCND:USW00012839,4/2/98,84,70
GHCND:USW00012839,4/3/98,85,71
GHCND:USW00012839,4/4/98,89,72
GHCND:USW00012839,4/5/98,83,70
GHCND:USW00012839,4/6/98,82,68
GHCND:USW00012839,4/7/98,83,71
GHCND:USW00012839,4/8/98,85,74
GHCND:USW00012839,4/9/98,90,76
GHCND:USW00012839,4/10/98,81,64
GHCND:USW00012839,4/11/98,72,61
GHCND:USW00012839,4/12/98,79,59
GHCND:USW00012839,4/13/98,76,65
GHCND:USW00012839,4/14/98,79,68
GHCND:USW00012839,4/15/98,81,66
GHCND:USW00012839,4/16/98,82,71
GHCND:USW00012839,4/17/98,83,73
GHCND:USW00012839,4/18/98,84,74
GHCND:USW00012839,4/19/98,84,72
GHCND:USW00012839,4/20/98,87,70
GHCND:USW00012839,4/21/98,89,75
GHCND:USW00012839,4/22/98,84,68
GHCND:USW00012839,4/23/98,79,62
GHCND:USW00012839,4/24/98,78,61
GHCND:USW00012839,4/25/98,79,62
GHCND:USW00012839,4/26/98,83,70
GHCND:USW00012839,4/27/98,84,74
GHCND:USW00012839,4/28/98,85,73
GHCND:USW00012839,4/29/98,79,72
GHCND:USW00012839,4/30/98,86,75
GHCND:USW00012839,5/1/98,88,67
GHCND:USW00012839,5/2/98,87,67
GHCND:USW00012839,5/3/98,86,68
GHCND:USW00012839,5/4/98,87,62
GHCND:USW00012839,5/5/98,91,69